1,1398/4/8,201,هیات مدیره,storage/Mosavvabat/201.pdf,7/27/19 20:37,7/27/19 20:37
1,1398/4/10,202,هیات مدیره,storage/Mosavvabat/202.pdf,7/27/19 20:37,7/27/19 20:37
1,1398/4/13,203,هیات مدیره,storage/Mosavvabat/203.pdf,7/27/19 20:38,7/27/19 20:38
1,1398/4/17,204,هیات مدیره,storage/Mosavvabat/204.pdf,7/27/19 20:38,7/27/19 20:38
1,1398/4/24,205,هیات مدیره,storage/Mosavvabat/205.pdf,7/27/19 20:39,7/27/19 20:39
1,1398/4/31,206,هیات مدیره,storage/Mosavvabat/206.pdf,8/27/19 17:53,8/27/19 17:53
1,1398/5/7,207,هیات مدیره,storage/Mosavvabat/207.pdf,8/27/19 17:54,8/27/19 17:54
1,1398/5/10,208,هیات مدیره,storage/Mosavvabat/208.pdf,8/27/19 17:55,8/27/19 17:55
1,1398/6/7,209,هیات مدیره,storage/Mosavvabat/209.pdf,9/11/19 12:44,9/11/19 12:44
1,1398/6/13,210,هیات مدیره,storage/Mosavvabat/210.pdf,9/17/19 11:41,9/17/19 11:41
1,1398/6/24,211,هیات مدیره,storage/Mosavvabat/1570859555_211 صورتجلسه شماره .pdf,10/12/19 09:22,10/12/19 09:22
1,1398/6/28,212,هیات مدیره,storage/Mosavvabat/1570859832_212.pdf,10/12/19 09:27,10/12/19 09:27
1,1398/7/6,213,هیات مدیره,storage/Mosavvabat/1570859986_213 (1) صورتجلسه شماره.pdf,10/12/19 09:29,10/12/19 09:29
1,1398/7/18,214,هیات مدیره,storage/Mosavvabat/1572788826_صورت جلسه شماره 214 هیات مدیره برج مسکونی المپیک.pdf,11/3/19 17:17,11/3/19 17:17
1,1398/8/2,215,هیات مدیره,storage/Mosavvabat/1575782078_215.pdf,12/8/19 08:44,12/8/19 08:44
1,1398/8/26,216,هیات مدیره,storage/Mosavvabat/1575782258_216.pdf,12/8/19 08:47,12/8/19 08:47
1,1398/8/23,217,هیات مدیره,storage/Mosavvabat/1575786270_217 (1).pdf,12/8/19 09:54,12/8/19 09:54
1,1398/9/7,218,هیات مدیره,storage/Mosavvabat/1575786333_218.pdf,12/8/19 09:55,12/8/19 09:55
1,1398/9/14,219,هیات مدیره,storage/Mosavvabat/1576413745_219.pdf,12/15/19 16:12,12/15/19 16:12
1,1398/9/21,220,هیات مدیره,storage/Mosavvabat/1576921790_صورتجلسه هیات مدیره 20).pdf,12/21/19 13:19,12/21/19 13:19
1,1398/9/28,221,هیات مدیره,storage/Mosavvabat/1581447697_221.pdf,2/11/20 22:31,2/11/20 22:31
1,1398/10/12,222,هیات مدیره,storage/Mosavvabat/1581447749_222.pdf,2/11/20 22:32,2/11/20 22:32
1,1398/11/9,225,هیات مدیره,storage/Mosavvabat/1582979575_98-225.pdf,2/29/20 16:02,2/29/20 16:02
1,1398/11/17,226,هیات مدیره,storage/Mosavvabat/1582979643_98-226pdf.pdf,2/29/20 16:04,2/29/20 16:04
1,1398/11/24,227,هیات مدیره,storage/Mosavvabat/1582979713_98-227.pdf,2/29/20 16:05,2/29/20 16:05
1,1398/12/1,228,هیات مدیره,storage/Mosavvabat/nothing,4/25/20 13:44,4/25/20 13:44
1,1398/12/13,229,هیات مدیره,storage/Mosavvabat/1587813362_229.pdf,4/25/20 15:46,4/25/20 15:46
1,1398/12/22,230,هیات مدیره,storage/Mosavvabat/1587823246_230 (1).pdf,4/25/20 18:30,4/25/20 18:30
1,1399/1/21,231,هیات مدیره,storage/Mosavvabat/1587823354_231.pdf,4/25/20 18:32,4/25/20 18:32
1,1399/2/4,232,هیات مدیره,storage/Mosavvabat/1593005592_232 (1).pdf,6/24/20 18:03,6/24/20 18:03
1,1399/2/11,233,هیات مدیره,storage/Mosavvabat/1593005740_233.pdf,6/24/20 18:05,6/24/20 18:05
1,1399/3/1,235,هیات مدیره,storage/Mosavvabat/1594548567_235.pdf,7/12/20 14:39,7/12/20 14:39
1,1399/3/22,236,هیات مدیره,storage/Mosavvabat/1594548982_236.pdf,7/12/20 14:46,7/12/20 14:46
1,1399/3/29,237,هیات مدیره,storage/Mosavvabat/1594549061_237.pdf,7/12/20 14:47,7/12/20 14:47